country,country_code,freedom,fintech_score,spearman_rho,spearman_p
Argentina,ARG,57.4,0.630485983185941,0.2497848402376219,0.030675859092611495
Armenia,ARM,67.1,0.3724818029513224,0.2497848402376219,0.030675859092611495
Bangladesh,BGD,54.8,0.1915928996375849,0.2497848402376219,0.030675859092611495
Belize,BLZ,64.7,0.2982718871728856,0.2497848402376219,0.030675859092611495
Benin,BEN,60.0,0.3312821302361649,0.2497848402376219,0.030675859092611495
Bolivia,BOL,42.4,0.280324983004027,0.2497848402376219,0.030675859092611495
Botswana,BWA,67.7,0.4472015494782633,0.2497848402376219,0.030675859092611495
Brazil,BRA,52.4,0.652251682588234,0.2497848402376219,0.030675859092611495
Burkina Faso,BFA,49.1,0.348814791707661,0.2497848402376219,0.030675859092611495
Cambodia,KHM,58.7,0.2298508550207063,0.2497848402376219,0.030675859092611495
Cameroon,CMR,52.0,0.4500323889739796,0.2497848402376219,0.030675859092611495
Chad,TCD,51.2,0.1213435282285904,0.2497848402376219,0.030675859092611495
Colombia,COL,59.8,0.3816763654231596,0.2497848402376219,0.030675859092611495
Comoros,COM,52.7,0.1640331148200552,0.2497848402376219,0.030675859092611495
Côte d’Ivoire,CIV,58.1,0.3967122211007097,0.2497848402376219,0.030675859092611495
Democratic Republic of Congo,COD,47.0,0.2653468481635426,0.2497848402376219,0.030675859092611495
Dominican Republic,DOM,63.8,0.3272326370713836,0.2497848402376219,0.030675859092611495
Ecuador,ECU,55.6,0.2472700771473643,0.2497848402376219,0.030675859092611495
Egypt,EGY,50.3,0.1905538971844231,0.2497848402376219,0.030675859092611495
El Salvador,SLV,57.7,0.1459591514982279,0.2497848402376219,0.030675859092611495
Eswatini,SWZ,57.5,0.432645184162772,0.2497848402376219,0.030675859092611495
Ethiopia,ETH,48.1,0.1200740138211291,0.2497848402376219,0.030675859092611495
Gabon,GAB,56.6,0.4941048859292063,0.2497848402376219,0.030675859092611495
Ghana,GHA,57.3,0.6197054916514041,0.2497848402376219,0.030675859092611495
Guatemala,GTM,63.5,0.1047327075741803,0.2497848402376219,0.030675859092611495
Guinea,GIN,53.1,0.2199946954407729,0.2497848402376219,0.030675859092611495
Honduras,HND,59.1,0.1695666752985531,0.2497848402376219,0.030675859092611495
India,IND,52.5,0.299531231123175,0.2497848402376219,0.030675859092611495
Indonesia,IDN,65.1,0.2610065759587596,0.2497848402376219,0.030675859092611495
Iran,IRN,41.8,0.5923575738849504,0.2497848402376219,0.030675859092611495
Jordan,JOR,59.3,0.237747679715596,0.2497848402376219,0.030675859092611495
Kazakhstan,KAZ,64.2,0.679777595039937,0.2497848402376219,0.030675859092611495
Kenya,KEN,55.5,0.7751330360283054,0.2497848402376219,0.030675859092611495
Kyrgyz Republic,KGZ,56.0,0.4729838480212583,0.2497848402376219,0.030675859092611495
Laos,LAO,50.9,0.199722662178759,0.2497848402376219,0.030675859092611495
Lebanon,LBN,43.1,0.09025918231993,0.2497848402376219,0.030675859092611495
Lesotho,LSO,54.9,0.4251072952696804,0.2497848402376219,0.030675859092611495
Liberia,LBR,49.8,0.3472354670768842,0.2497848402376219,0.030675859092611495
Madagascar,MDG,57.0,0.1450590344807976,0.2497848402376219,0.030675859092611495
Malawi,MWI,50.7,0.3556427740318953,0.2497848402376219,0.030675859092611495
Malaysia,MYS,68.0,0.5807203160225857,0.2497848402376219,0.030675859092611495
Mali,MLI,52.1,0.3678689041206542,0.2497848402376219,0.030675859092611495
Mauritius,MUS,73.0,0.4135362780845573,0.2497848402376219,0.030675859092611495
Mexico,MEX,59.8,0.2592759664646183,0.2497848402376219,0.030675859092611495
Mongolia,MNG,63.9,0.8462577095997706,0.2497848402376219,0.030675859092611495
Morocco,MAR,61.8,0.1581732766814584,0.2497848402376219,0.030675859092611495
Mozambique,MOZ,49.6,0.3823481589578706,0.2497848402376219,0.030675859092611495
Namibia,NAM,60.2,0.5154615435650833,0.2497848402376219,0.030675859092611495
Nepal,NPL,52.9,0.1598026850200932,0.2497848402376219,0.030675859092611495
Nicaragua,NIC,53.6,0.0999583467557301,0.2497848402376219,0.030675859092611495
Niger,NER,51.0,0.0679692360800064,0.2497848402376219,0.030675859092611495
Nigeria,NGA,54.8,0.3855239237105257,0.2497848402376219,0.030675859092611495
Pakistan,PAK,48.9,0.1575558708736564,0.2497848402376219,0.030675859092611495
Panama,PAN,64.9,0.4212498887301466,0.2497848402376219,0.030675859092611495
Paraguay,PRY,66.4,0.3912637242358327,0.2497848402376219,0.030675859092611495
Peru,PER,66.3,0.4231039295756046,0.2497848402376219,0.030675859092611495
Philippines,PHL,62.9,0.2751848592628627,0.2497848402376219,0.030675859092611495
Republic of Congo,COG,48.6,0.3856157356945806,0.2497848402376219,0.030675859092611495
Saudi Arabia,SAU,65.4,0.587953952276005,0.2497848402376219,0.030675859092611495
Senegal,SEN,53.2,0.5912171303084873,0.2497848402376219,0.030675859092611495
Sierra Leone,SLE,49.6,0.2471960726177252,0.2497848402376219,0.030675859092611495
South Africa,ZAF,58.6,0.4857340543294173,0.2497848402376219,0.030675859092611495
Sri Lanka,LKA,50.3,0.2168005305368176,0.2497848402376219,0.030675859092611495
Tajikistan,TJK,52.5,0.2665014837767476,0.2497848402376219,0.030675859092611495
Tanzania,TZA,59.0,0.3794971059094263,0.2497848402376219,0.030675859092611495
Thailand,THA,62.2,0.5855947129320057,0.2497848402376219,0.030675859092611495
The Gambia,GMB,56.3,0.166587812092209,0.2497848402376219,0.030675859092611495
Togo,TGO,51.6,0.382863069958924,0.2497848402376219,0.030675859092611495
Tunisia,TUN,48.1,0.1041009132057435,0.2497848402376219,0.030675859092611495
Turkey,TUR,55.0,0.4874586874153306,0.2497848402376219,0.030675859092611495
Uganda,UGA,52.4,0.5001704724493733,0.2497848402376219,0.030675859092611495
Venezuela,VEN,27.3,0.6027406826786583,0.2497848402376219,0.030675859092611495
Vietnam,VNM,64.4,0.5074264532711009,0.2497848402376219,0.030675859092611495
Zambia,ZMB,51.9,0.5322142159125937,0.2497848402376219,0.030675859092611495
Zimbabwe,ZWE,35.2,0.397113160592003,0.2497848402376219,0.030675859092611495
