Country,Overall Score
Albania,68.0
Algeria,45.8
Angola,54.4
Argentina,57.4
Armenia,67.1
Australia,80.1
Austria,69.8
Azerbaijan,64.3
The Bahamas,65.1
Bahrain,65.7
Bangladesh,54.8
Barbados,70.4
Belarus,49.1
Belgium,69.2
Belize,64.7
Benin,60.0
Bhutan,57.5
Bolivia,42.4
Bosnia and Herzegovina,63.1
Botswana,67.7
Brazil,52.4
Brunei,67.5
Bulgaria,68.9
Burkina Faso,49.1
Burma,44.5
Burundi,40.2
Cabo Verde,71.4
Cambodia,58.7
Cameroon,52.0
Canada,75.6
Central African Republic,43.1
Chad,51.2
Chile,74.3
China,48.3
Colombia,59.8
Comoros,52.7
Democratic Republic of Congo,47.0
Republic of Congo,48.6
Costa Rica,69.1
Côte d’Ivoire,58.1
Croatia,67.5
Cuba,25.2
Cyprus,74.1
Czech Republic,73.2
Denmark,79.0
Djibouti,56.3
Dominica,56.1
Dominican Republic,63.8
Ecuador,55.6
Egypt,50.3
El Salvador,57.7
Equatorial Guinea,47.4
Eritrea,39.6
Estonia,78.7
Eswatini,57.5
Ethiopia,48.1
Fiji,59.5
Finland,76.6
France,64.6
Gabon,56.6
The Gambia,56.3
Georgia,69.6
Germany,71.7
Ghana,57.3
Greece,63.2
Guatemala,63.5
Guinea,53.1
Guinea-Bissau,43.2
Guyana,58.7
Haiti,46.1
Honduras,59.1
Hungary,62.5
Iceland,75.0
India,52.5
Indonesia,65.1
Iran,41.8
Ireland,83.3
Israel,68.4
Italy,63.3
Jamaica,68.2
Japan,70.3
Jordan,59.3
Kazakhstan,64.2
Kenya,55.5
Kiribati,50.8
North Korea,3.1
South Korea,73.7
Kosovo,62.4
Kuwait,59.9
Kyrgyz Republic,56.0
Laos,50.9
Latvia,71.6
Lebanon,43.1
Lesotho,54.9
Liberia,49.8
Lithuania,75.3
Luxembourg,79.7
Madagascar,57.0
Malawi,50.7
Malaysia,68.0
Maldives,47.6
Mali,52.1
Malta,68.2
Mauritania,53.9
Mauritius,73.0
Mexico,59.8
Micronesia,62.9
Moldova,58.1
Mongolia,63.9
Montenegro,63.8
Morocco,61.8
Mozambique,49.6
Namibia,60.2
Nepal,52.9
Netherlands,78.5
New Zealand,77.8
Nicaragua,53.6
Niger,51.0
Nigeria,54.8
North Macedonia,63.3
Norway,78.8
Oman,68.5
Pakistan,48.9
Panama,64.9
Papua New Guinea,54.3
Paraguay,66.4
Peru,66.3
Philippines,62.9
Poland,68.5
Portugal,71.2
Qatar,70.2
Romania,65.4
Russia,50.3
Rwanda,56.5
Saint Lucia,67.5
Saint Vincent and The Grenadines,60.0
Samoa,68.0
São Tomé and Príncipe,60.6
Saudi Arabia,65.4
Senegal,53.2
Serbia,65.0
Seychelles,66.5
Sierra Leone,49.6
Singapore,84.4
Slovakia,67.7
Slovenia,69.7
Solomon Islands,53.7
South Africa,58.6
Spain,66.8
Sri Lanka,50.3
Sudan,32.5
Suriname,53.0
Sweden,77.8
Switzerland,83.7
Taiwan,79.8
Tajikistan,52.5
Tanzania,59.0
Thailand,62.2
Timor-Leste,47.9
Togo,51.6
Tonga,58.9
Trinidad and Tobago,62.4
Tunisia,48.1
Turkey,55.0
Turkmenistan,47.0
Uganda,52.4
United Arab Emirates,71.9
United Kingdom,70.4
United States,72.8
Uruguay,69.8
Uzbekistan,60.3
Vanuatu,61.1
Venezuela,27.3
Vietnam,64.4
Zambia,51.9
Zimbabwe,35.2
