countrynewwb,codewb,fintech_score
Argentina,ARG,0.630485983185941
Armenia,ARM,0.3724818029513224
Bangladesh,BGD,0.19159289963758494
Belize,BLZ,0.29827188717288566
Benin,BEN,0.33128213023616493
Bolivia,BOL,0.28032498300402703
Botswana,BWA,0.44720154947826335
Brazil,BRA,0.652251682588234
Burkina Faso,BFA,0.348814791707661
Cambodia,KHM,0.22985085502070635
Cameroon,CMR,0.4500323889739796
Chad,TCD,0.12134352822859044
Colombia,COL,0.38167636542315964
Comoros,COM,0.16403311482005525
"Congo, Dem. Rep.",COD,0.2653468481635426
"Congo, Rep.",COG,0.3856157356945806
Cote d'Ivoire,CIV,0.39671222110070975
Dominican Republic,DOM,0.32723263707138367
Ecuador,ECU,0.24727007714736435
"Egypt, Arab Rep.",EGY,0.19055389718442314
El Salvador,SLV,0.14595915149822794
Eswatini,SWZ,0.43264518416277203
Ethiopia,ETH,0.12007401382112919
Gabon,GAB,0.4941048859292063
"Gambia, The",GMB,0.16658781209220905
Ghana,GHA,0.6197054916514041
Guatemala,GTM,0.1047327075741803
Guinea,GIN,0.2199946954407729
Honduras,HND,0.16956667529855318
India,IND,0.299531231123175
Indonesia,IDN,0.26100657595875965
"Iran, Islamic Rep.",IRN,0.5923575738849504
Iraq,IRQ,0.15792297736942199
Jordan,JOR,0.237747679715596
Kazakhstan,KAZ,0.679777595039937
Kenya,KEN,0.7751330360283054
Kyrgyz Republic,KGZ,0.4729838480212583
Lao PDR,LAO,0.199722662178759
Lebanon,LBN,0.09025918231993
Lesotho,LSO,0.4251072952696804
Liberia,LBR,0.3472354670768842
Madagascar,MDG,0.14505903448079768
Malawi,MWI,0.3556427740318953
Malaysia,MYS,0.5807203160225857
Mali,MLI,0.36786890412065426
Mauritius,MUS,0.4135362780845573
Mexico,MEX,0.2592759664646183
Mongolia,MNG,0.8462577095997706
Morocco,MAR,0.15817327668145845
Mozambique,MOZ,0.3823481589578706
Namibia,NAM,0.5154615435650833
Nepal,NPL,0.15980268502009323
Nicaragua,NIC,0.09995834675573012
Niger,NER,0.06796923608000643
Nigeria,NGA,0.3855239237105257
Pakistan,PAK,0.15755587087365644
Panama,PAN,0.4212498887301466
Paraguay,PRY,0.3912637242358327
Peru,PER,0.42310392957560466
Philippines,PHL,0.2751848592628627
Saudi Arabia,SAU,0.587953952276005
Senegal,SEN,0.5912171303084873
Sierra Leone,SLE,0.24719607261772522
South Africa,ZAF,0.4857340543294173
Sri Lanka,LKA,0.2168005305368176
Tajikistan,TJK,0.26650148377674765
Tanzania,TZA,0.37949710590942637
Thailand,THA,0.5855947129320057
Togo,TGO,0.382863069958924
Tunisia,TUN,0.1041009132057435
Turkiye,TUR,0.48745868741533066
Uganda,UGA,0.5001704724493733
"Venezuela, RB",VEN,0.6027406826786583
Viet Nam,VNM,0.5074264532711009
West Bank and Gaza,PSE,0.11725144689556839
Zambia,ZMB,0.5322142159125937
Zimbabwe,ZWE,0.397113160592003
